<annotation>
    <folder>images</folder>
    <filename>Misc_404.png</filename>
    <size>
        <width>302</width>
        <height>270</height>
        <depth>3</depth>
    </size>
    <segmented>0</segmented>
    <object>
        <name>Target</name>
        <pose>Unspecified</pose>
        <truncated>0</truncated>
        <occluded>0</occluded>
        <difficult>0</difficult>
        <pixels>
            <id>0</id>
        </pixels>
        <bndbox>
            <xmin>158</xmin>
            <ymin>113</ymin>
            <xmax>164</xmax>
            <ymax>119</ymax>
        </bndbox>
    </object>
</annotation>