<annotation>
    <folder>images</folder>
    <filename>Misc_159.png</filename>
    <size>
        <width>299</width>
        <height>177</height>
        <depth>3</depth>
    </size>
    <segmented>0</segmented>
    <object>
        <name>Target</name>
        <pose>Unspecified</pose>
        <truncated>0</truncated>
        <occluded>0</occluded>
        <difficult>0</difficult>
        <pixels>
            <id>0</id>
        </pixels>
        <bndbox>
            <xmin>151</xmin>
            <ymin>55</ymin>
            <xmax>155</xmax>
            <ymax>58</ymax>
        </bndbox>
    </object>
</annotation>