<annotation>
    <folder>images</folder>
    <filename>Misc_212.png</filename>
    <size>
        <width>300</width>
        <height>192</height>
        <depth>3</depth>
    </size>
    <segmented>0</segmented>
    <object>
        <name>Target</name>
        <pose>Unspecified</pose>
        <truncated>0</truncated>
        <occluded>0</occluded>
        <difficult>0</difficult>
        <pixels>
            <id>0</id>
        </pixels>
        <bndbox>
            <xmin>159</xmin>
            <ymin>77</ymin>
            <xmax>163</xmax>
            <ymax>82</ymax>
        </bndbox>
    </object>
</annotation>