<annotation>
    <folder>images</folder>
    <filename>Misc_266.png</filename>
    <size>
        <width>316</width>
        <height>209</height>
        <depth>3</depth>
    </size>
    <segmented>0</segmented>
    <object>
        <name>Target</name>
        <pose>Unspecified</pose>
        <truncated>0</truncated>
        <occluded>0</occluded>
        <difficult>0</difficult>
        <pixels>
            <id>0</id>
        </pixels>
        <bndbox>
            <xmin>140</xmin>
            <ymin>108</ymin>
            <xmax>145</xmax>
            <ymax>113</ymax>
        </bndbox>
    </object>
</annotation>