<annotation>
    <folder>images</folder>
    <filename>Misc_388.png</filename>
    <size>
        <width>256</width>
        <height>271</height>
        <depth>3</depth>
    </size>
    <segmented>0</segmented>
    <object>
        <name>Target</name>
        <pose>Unspecified</pose>
        <truncated>0</truncated>
        <occluded>0</occluded>
        <difficult>0</difficult>
        <pixels>
            <id>0</id>
        </pixels>
        <bndbox>
            <xmin>226</xmin>
            <ymin>139</ymin>
            <xmax>232</xmax>
            <ymax>144</ymax>
        </bndbox>
    </object>
</annotation>