<annotation>
    <folder>images</folder>
    <filename>Misc_196.png</filename>
    <size>
        <width>299</width>
        <height>184</height>
        <depth>3</depth>
    </size>
    <segmented>0</segmented>
    <object>
        <name>Target</name>
        <pose>Unspecified</pose>
        <truncated>0</truncated>
        <occluded>0</occluded>
        <difficult>0</difficult>
        <pixels>
            <id>0</id>
        </pixels>
        <bndbox>
            <xmin>11</xmin>
            <ymin>40</ymin>
            <xmax>14</xmax>
            <ymax>42</ymax>
        </bndbox>
    </object>
</annotation>