<annotation>
    <folder>images</folder>
    <filename>Misc_102.png</filename>
    <size>
        <width>308</width>
        <height>205</height>
        <depth>3</depth>
    </size>
    <segmented>0</segmented>
    <object>
        <name>Target</name>
        <pose>Unspecified</pose>
        <truncated>0</truncated>
        <occluded>0</occluded>
        <difficult>0</difficult>
        <pixels>
            <id>0</id>
        </pixels>
        <bndbox>
            <xmin>172</xmin>
            <ymin>37</ymin>
            <xmax>188</xmax>
            <ymax>43</ymax>
        </bndbox>
    </object>
</annotation>