<annotation>
    <folder>images</folder>
    <filename>Misc_188.png</filename>
    <size>
        <width>290</width>
        <height>196</height>
        <depth>3</depth>
    </size>
    <segmented>0</segmented>
    <object>
        <name>Target</name>
        <pose>Unspecified</pose>
        <truncated>0</truncated>
        <occluded>0</occluded>
        <difficult>0</difficult>
        <pixels>
            <id>0</id>
        </pixels>
        <bndbox>
            <xmin>75</xmin>
            <ymin>33</ymin>
            <xmax>77</xmax>
            <ymax>35</ymax>
        </bndbox>
    </object>
</annotation>