<annotation>
    <folder>images</folder>
    <filename>Misc_306.png</filename>
    <size>
        <width>280</width>
        <height>238</height>
        <depth>3</depth>
    </size>
    <segmented>0</segmented>
    <object>
        <name>Target</name>
        <pose>Unspecified</pose>
        <truncated>0</truncated>
        <occluded>0</occluded>
        <difficult>0</difficult>
        <pixels>
            <id>0</id>
        </pixels>
        <bndbox>
            <xmin>40</xmin>
            <ymin>118</ymin>
            <xmax>176</xmax>
            <ymax>149</ymax>
        </bndbox>
    </object>
</annotation>