<annotation>
    <folder>images</folder>
    <filename>Misc_149.png</filename>
    <size>
        <width>297</width>
        <height>187</height>
        <depth>3</depth>
    </size>
    <segmented>0</segmented>
    <object>
        <name>Target</name>
        <pose>Unspecified</pose>
        <truncated>0</truncated>
        <occluded>0</occluded>
        <difficult>0</difficult>
        <pixels>
            <id>0</id>
        </pixels>
        <bndbox>
            <xmin>177</xmin>
            <ymin>39</ymin>
            <xmax>180</xmax>
            <ymax>42</ymax>
        </bndbox>
    </object>
</annotation>