<annotation>
    <folder>images</folder>
    <filename>Misc_316.png</filename>
    <size>
        <width>252</width>
        <height>181</height>
        <depth>3</depth>
    </size>
    <segmented>0</segmented>
    <object>
        <name>Target</name>
        <pose>Unspecified</pose>
        <truncated>0</truncated>
        <occluded>0</occluded>
        <difficult>0</difficult>
        <pixels>
            <id>0</id>
        </pixels>
        <bndbox>
            <xmin>6</xmin>
            <ymin>32</ymin>
            <xmax>87</xmax>
            <ymax>45</ymax>
        </bndbox>
    </object>
</annotation>