<annotation>
    <folder>images</folder>
    <filename>Misc_272.png</filename>
    <size>
        <width>314</width>
        <height>221</height>
        <depth>3</depth>
    </size>
    <segmented>0</segmented>
    <object>
        <name>Target</name>
        <pose>Unspecified</pose>
        <truncated>0</truncated>
        <occluded>0</occluded>
        <difficult>0</difficult>
        <pixels>
            <id>0</id>
        </pixels>
        <bndbox>
            <xmin>105</xmin>
            <ymin>62</ymin>
            <xmax>109</xmax>
            <ymax>66</ymax>
        </bndbox>
    </object>
</annotation>