<annotation>
    <folder>images</folder>
    <filename>Misc_109.png</filename>
    <size>
        <width>378</width>
        <height>239</height>
        <depth>3</depth>
    </size>
    <segmented>0</segmented>
    <object>
        <name>Target</name>
        <pose>Unspecified</pose>
        <truncated>0</truncated>
        <occluded>0</occluded>
        <difficult>0</difficult>
        <pixels>
            <id>0</id>
        </pixels>
        <bndbox>
            <xmin>209</xmin>
            <ymin>216</ymin>
            <xmax>214</xmax>
            <ymax>218</ymax>
        </bndbox>
    </object>
</annotation>