<annotation>
    <folder>images</folder>
    <filename>Misc_405.png</filename>
    <size>
        <width>213</width>
        <height>194</height>
        <depth>3</depth>
    </size>
    <segmented>0</segmented>
    <object>
        <name>Target</name>
        <pose>Unspecified</pose>
        <truncated>0</truncated>
        <occluded>0</occluded>
        <difficult>0</difficult>
        <pixels>
            <id>0</id>
        </pixels>
        <bndbox>
            <xmin>13</xmin>
            <ymin>30</ymin>
            <xmax>17</xmax>
            <ymax>36</ymax>
        </bndbox>
    </object>
</annotation>