<annotation>
    <folder>images</folder>
    <filename>Misc_171.png</filename>
    <size>
        <width>313</width>
        <height>213</height>
        <depth>3</depth>
    </size>
    <segmented>0</segmented>
    <object>
        <name>Target</name>
        <pose>Unspecified</pose>
        <truncated>0</truncated>
        <occluded>0</occluded>
        <difficult>0</difficult>
        <pixels>
            <id>0</id>
        </pixels>
        <bndbox>
            <xmin>70</xmin>
            <ymin>194</ymin>
            <xmax>75</xmax>
            <ymax>197</ymax>
        </bndbox>
    </object>
</annotation>