<annotation>
    <folder>images</folder>
    <filename>Misc_231.png</filename>
    <size>
        <width>304</width>
        <height>194</height>
        <depth>3</depth>
    </size>
    <segmented>0</segmented>
    <object>
        <name>Target</name>
        <pose>Unspecified</pose>
        <truncated>0</truncated>
        <occluded>0</occluded>
        <difficult>0</difficult>
        <pixels>
            <id>0</id>
        </pixels>
        <bndbox>
            <xmin>135</xmin>
            <ymin>138</ymin>
            <xmax>137</xmax>
            <ymax>142</ymax>
        </bndbox>
    </object>
</annotation>