<annotation>
    <folder>images</folder>
    <filename>Misc_389.png</filename>
    <size>
        <width>331</width>
        <height>315</height>
        <depth>3</depth>
    </size>
    <segmented>0</segmented>
    <object>
        <name>Target</name>
        <pose>Unspecified</pose>
        <truncated>0</truncated>
        <occluded>0</occluded>
        <difficult>0</difficult>
        <pixels>
            <id>0</id>
        </pixels>
        <bndbox>
            <xmin>309</xmin>
            <ymin>256</ymin>
            <xmax>316</xmax>
            <ymax>263</ymax>
        </bndbox>
    </object>
</annotation>