<annotation>
    <folder>images</folder>
    <filename>Misc_200.png</filename>
    <size>
        <width>301</width>
        <height>196</height>
        <depth>3</depth>
    </size>
    <segmented>0</segmented>
    <object>
        <name>Target</name>
        <pose>Unspecified</pose>
        <truncated>0</truncated>
        <occluded>0</occluded>
        <difficult>0</difficult>
        <pixels>
            <id>0</id>
        </pixels>
        <bndbox>
            <xmin>139</xmin>
            <ymin>98</ymin>
            <xmax>142</xmax>
            <ymax>99</ymax>
        </bndbox>
    </object>
</annotation>