<annotation>
    <folder>images</folder>
    <filename>Misc_17.png</filename>
    <size>
        <width>368</width>
        <height>267</height>
        <depth>3</depth>
    </size>
    <segmented>0</segmented>
    <object>
        <name>Target</name>
        <pose>Unspecified</pose>
        <truncated>0</truncated>
        <occluded>0</occluded>
        <difficult>0</difficult>
        <pixels>
            <id>0</id>
        </pixels>
        <bndbox>
            <xmin>187</xmin>
            <ymin>133</ymin>
            <xmax>189</xmax>
            <ymax>134</ymax>
        </bndbox>
    </object>
</annotation>