<annotation>
    <folder>images</folder>
    <filename>Misc_307.png</filename>
    <size>
        <width>277</width>
        <height>192</height>
        <depth>3</depth>
    </size>
    <segmented>0</segmented>
    <object>
        <name>Target</name>
        <pose>Unspecified</pose>
        <truncated>0</truncated>
        <occluded>0</occluded>
        <difficult>0</difficult>
        <pixels>
            <id>0</id>
        </pixels>
        <bndbox>
            <xmin>40</xmin>
            <ymin>155</ymin>
            <xmax>45</xmax>
            <ymax>159</ymax>
        </bndbox>
    </object>
</annotation>