<annotation>
    <folder>images</folder>
    <filename>Misc_237.png</filename>
    <size>
        <width>250</width>
        <height>250</height>
        <depth>3</depth>
    </size>
    <segmented>0</segmented>
    <object>
        <name>Target</name>
        <pose>Unspecified</pose>
        <truncated>0</truncated>
        <occluded>0</occluded>
        <difficult>0</difficult>
        <pixels>
            <id>0</id>
        </pixels>
        <bndbox>
            <xmin>150</xmin>
            <ymin>230</ymin>
            <xmax>154</xmax>
            <ymax>232</ymax>
        </bndbox>
    </object>
</annotation>