<annotation>
    <folder>images</folder>
    <filename>Misc_118.png</filename>
    <size>
        <width>321</width>
        <height>182</height>
        <depth>3</depth>
    </size>
    <segmented>0</segmented>
    <object>
        <name>Target</name>
        <pose>Unspecified</pose>
        <truncated>0</truncated>
        <occluded>0</occluded>
        <difficult>0</difficult>
        <pixels>
            <id>0</id>
        </pixels>
        <bndbox>
            <xmin>142</xmin>
            <ymin>10</ymin>
            <xmax>150</xmax>
            <ymax>15</ymax>
        </bndbox>
    </object>
</annotation>