<annotation>
    <folder>images</folder>
    <filename>Misc_361.png</filename>
    <size>
        <width>306</width>
        <height>307</height>
        <depth>3</depth>
    </size>
    <segmented>0</segmented>
    <object>
        <name>Target</name>
        <pose>Unspecified</pose>
        <truncated>0</truncated>
        <occluded>0</occluded>
        <difficult>0</difficult>
        <pixels>
            <id>0</id>
        </pixels>
        <bndbox>
            <xmin>95</xmin>
            <ymin>284</ymin>
            <xmax>101</xmax>
            <ymax>291</ymax>
        </bndbox>
    </object>
</annotation>