<annotation>
    <folder>images</folder>
    <filename>Misc_385.png</filename>
    <size>
        <width>439</width>
        <height>349</height>
        <depth>3</depth>
    </size>
    <segmented>0</segmented>
    <object>
        <name>Target</name>
        <pose>Unspecified</pose>
        <truncated>0</truncated>
        <occluded>0</occluded>
        <difficult>0</difficult>
        <pixels>
            <id>0</id>
        </pixels>
        <bndbox>
            <xmin>298</xmin>
            <ymin>168</ymin>
            <xmax>302</xmax>
            <ymax>173</ymax>
        </bndbox>
    </object>
</annotation>