<annotation>
    <folder>images</folder>
    <filename>Misc_243.png</filename>
    <size>
        <width>340</width>
        <height>212</height>
        <depth>3</depth>
    </size>
    <segmented>0</segmented>
    <object>
        <name>Target</name>
        <pose>Unspecified</pose>
        <truncated>0</truncated>
        <occluded>0</occluded>
        <difficult>0</difficult>
        <pixels>
            <id>0</id>
        </pixels>
        <bndbox>
            <xmin>133</xmin>
            <ymin>34</ymin>
            <xmax>144</xmax>
            <ymax>42</ymax>
        </bndbox>
    </object>
</annotation>