<annotation>
    <folder>images</folder>
    <filename>Misc_51.png</filename>
    <size>
        <width>294</width>
        <height>195</height>
        <depth>3</depth>
    </size>
    <segmented>0</segmented>
    <object>
        <name>Target</name>
        <pose>Unspecified</pose>
        <truncated>0</truncated>
        <occluded>0</occluded>
        <difficult>0</difficult>
        <pixels>
            <id>0</id>
        </pixels>
        <bndbox>
            <xmin>143</xmin>
            <ymin>78</ymin>
            <xmax>148</xmax>
            <ymax>80</ymax>
        </bndbox>
    </object>
</annotation>