<annotation>
    <folder>images</folder>
    <filename>Misc_15.png</filename>
    <size>
        <width>436</width>
        <height>348</height>
        <depth>3</depth>
    </size>
    <segmented>0</segmented>
    <object>
        <name>Target</name>
        <pose>Unspecified</pose>
        <truncated>0</truncated>
        <occluded>0</occluded>
        <difficult>0</difficult>
        <pixels>
            <id>0</id>
        </pixels>
        <bndbox>
            <xmin>288</xmin>
            <ymin>114</ymin>
            <xmax>315</xmax>
            <ymax>187</ymax>
        </bndbox>
    </object>
</annotation>