<annotation>
    <folder>images</folder>
    <filename>Misc_416.png</filename>
    <size>
        <width>255</width>
        <height>164</height>
        <depth>3</depth>
    </size>
    <segmented>0</segmented>
    <object>
        <name>Target</name>
        <pose>Unspecified</pose>
        <truncated>0</truncated>
        <occluded>0</occluded>
        <difficult>0</difficult>
        <pixels>
            <id>0</id>
        </pixels>
        <bndbox>
            <xmin>179</xmin>
            <ymin>2</ymin>
            <xmax>189</xmax>
            <ymax>10</ymax>
        </bndbox>
    </object>
</annotation>