<annotation>
    <folder>images</folder>
    <filename>Misc_371.png</filename>
    <size>
        <width>187</width>
        <height>174</height>
        <depth>3</depth>
    </size>
    <segmented>0</segmented>
    <object>
        <name>Target</name>
        <pose>Unspecified</pose>
        <truncated>0</truncated>
        <occluded>0</occluded>
        <difficult>0</difficult>
        <pixels>
            <id>0</id>
        </pixels>
        <bndbox>
            <xmin>20</xmin>
            <ymin>86</ymin>
            <xmax>22</xmax>
            <ymax>87</ymax>
        </bndbox>
    </object>
</annotation>