<annotation>
    <folder>images</folder>
    <filename>Misc_85.png</filename>
    <size>
        <width>245</width>
        <height>186</height>
        <depth>3</depth>
    </size>
    <segmented>0</segmented>
    <object>
        <name>Target</name>
        <pose>Unspecified</pose>
        <truncated>0</truncated>
        <occluded>0</occluded>
        <difficult>0</difficult>
        <pixels>
            <id>0</id>
        </pixels>
        <bndbox>
            <xmin>37</xmin>
            <ymin>25</ymin>
            <xmax>43</xmax>
            <ymax>31</ymax>
        </bndbox>
    </object>
</annotation>