<annotation>
    <folder>images</folder>
    <filename>Misc_282.png</filename>
    <size>
        <width>330</width>
        <height>236</height>
        <depth>3</depth>
    </size>
    <segmented>0</segmented>
    <object>
        <name>Target</name>
        <pose>Unspecified</pose>
        <truncated>0</truncated>
        <occluded>0</occluded>
        <difficult>0</difficult>
        <pixels>
            <id>0</id>
        </pixels>
        <bndbox>
            <xmin>35</xmin>
            <ymin>87</ymin>
            <xmax>289</xmax>
            <ymax>229</ymax>
        </bndbox>
    </object>
</annotation>