<annotation>
    <folder>images</folder>
    <filename>Misc_392.png</filename>
    <size>
        <width>331</width>
        <height>300</height>
        <depth>3</depth>
    </size>
    <segmented>0</segmented>
    <object>
        <name>Target</name>
        <pose>Unspecified</pose>
        <truncated>0</truncated>
        <occluded>0</occluded>
        <difficult>0</difficult>
        <pixels>
            <id>0</id>
        </pixels>
        <bndbox>
            <xmin>166</xmin>
            <ymin>141</ymin>
            <xmax>178</xmax>
            <ymax>154</ymax>
        </bndbox>
    </object>
</annotation>