<annotation>
    <folder>images</folder>
    <filename>Misc_381.png</filename>
    <size>
        <width>371</width>
        <height>335</height>
        <depth>3</depth>
    </size>
    <segmented>0</segmented>
    <object>
        <name>Target</name>
        <pose>Unspecified</pose>
        <truncated>0</truncated>
        <occluded>0</occluded>
        <difficult>0</difficult>
        <pixels>
            <id>0</id>
        </pixels>
        <bndbox>
            <xmin>144</xmin>
            <ymin>226</ymin>
            <xmax>152</xmax>
            <ymax>236</ymax>
        </bndbox>
    </object>
</annotation>