<annotation>
    <folder>images</folder>
    <filename>Misc_166.png</filename>
    <size>
        <width>288</width>
        <height>181</height>
        <depth>3</depth>
    </size>
    <segmented>0</segmented>
    <object>
        <name>Target</name>
        <pose>Unspecified</pose>
        <truncated>0</truncated>
        <occluded>0</occluded>
        <difficult>0</difficult>
        <pixels>
            <id>0</id>
        </pixels>
        <bndbox>
            <xmin>270</xmin>
            <ymin>74</ymin>
            <xmax>273</xmax>
            <ymax>77</ymax>
        </bndbox>
    </object>
</annotation>