<annotation>
    <folder>images</folder>
    <filename>Misc_326.png</filename>
    <size>
        <width>311</width>
        <height>264</height>
        <depth>3</depth>
    </size>
    <segmented>0</segmented>
    <object>
        <name>Target</name>
        <pose>Unspecified</pose>
        <truncated>0</truncated>
        <occluded>0</occluded>
        <difficult>0</difficult>
        <pixels>
            <id>0</id>
        </pixels>
        <bndbox>
            <xmin>129</xmin>
            <ymin>10</ymin>
            <xmax>240</xmax>
            <ymax>70</ymax>
        </bndbox>
    </object>
</annotation>