<annotation>
    <folder>images</folder>
    <filename>Misc_108.png</filename>
    <size>
        <width>315</width>
        <height>224</height>
        <depth>3</depth>
    </size>
    <segmented>0</segmented>
    <object>
        <name>Target</name>
        <pose>Unspecified</pose>
        <truncated>0</truncated>
        <occluded>0</occluded>
        <difficult>0</difficult>
        <pixels>
            <id>0</id>
        </pixels>
        <bndbox>
            <xmin>260</xmin>
            <ymin>195</ymin>
            <xmax>266</xmax>
            <ymax>198</ymax>
        </bndbox>
    </object>
</annotation>