<annotation>
    <folder>images</folder>
    <filename>Misc_47.png</filename>
    <size>
        <width>282</width>
        <height>215</height>
        <depth>3</depth>
    </size>
    <segmented>0</segmented>
    <object>
        <name>Target</name>
        <pose>Unspecified</pose>
        <truncated>0</truncated>
        <occluded>0</occluded>
        <difficult>0</difficult>
        <pixels>
            <id>0</id>
        </pixels>
        <bndbox>
            <xmin>141</xmin>
            <ymin>89</ymin>
            <xmax>142</xmax>
            <ymax>91</ymax>
        </bndbox>
    </object>
</annotation>