<annotation>
    <folder>images</folder>
    <filename>Misc_116.png</filename>
    <size>
        <width>291</width>
        <height>196</height>
        <depth>3</depth>
    </size>
    <segmented>0</segmented>
    <object>
        <name>Target</name>
        <pose>Unspecified</pose>
        <truncated>0</truncated>
        <occluded>0</occluded>
        <difficult>0</difficult>
        <pixels>
            <id>0</id>
        </pixels>
        <bndbox>
            <xmin>153</xmin>
            <ymin>145</ymin>
            <xmax>157</xmax>
            <ymax>148</ymax>
        </bndbox>
    </object>
</annotation>