<annotation>
    <folder>images</folder>
    <filename>Misc_37.png</filename>
    <size>
        <width>320</width>
        <height>255</height>
        <depth>3</depth>
    </size>
    <segmented>0</segmented>
    <object>
        <name>Target</name>
        <pose>Unspecified</pose>
        <truncated>0</truncated>
        <occluded>0</occluded>
        <difficult>0</difficult>
        <pixels>
            <id>0</id>
        </pixels>
        <bndbox>
            <xmin>124</xmin>
            <ymin>130</ymin>
            <xmax>126</xmax>
            <ymax>132</ymax>
        </bndbox>
    </object>
</annotation>