<annotation>
    <folder>images</folder>
    <filename>Misc_387.png</filename>
    <size>
        <width>292</width>
        <height>289</height>
        <depth>3</depth>
    </size>
    <segmented>0</segmented>
    <object>
        <name>Target</name>
        <pose>Unspecified</pose>
        <truncated>0</truncated>
        <occluded>0</occluded>
        <difficult>0</difficult>
        <pixels>
            <id>0</id>
        </pixels>
        <bndbox>
            <xmin>34</xmin>
            <ymin>208</ymin>
            <xmax>39</xmax>
            <ymax>215</ymax>
        </bndbox>
    </object>
</annotation>