<annotation>
    <folder>images</folder>
    <filename>Misc_3.png</filename>
    <size>
        <width>323</width>
        <height>324</height>
        <depth>3</depth>
    </size>
    <segmented>0</segmented>
    <object>
        <name>Target</name>
        <pose>Unspecified</pose>
        <truncated>0</truncated>
        <occluded>0</occluded>
        <difficult>0</difficult>
        <pixels>
            <id>0</id>
        </pixels>
        <bndbox>
            <xmin>199</xmin>
            <ymin>140</ymin>
            <xmax>203</xmax>
            <ymax>145</ymax>
        </bndbox>
    </object>
</annotation>