<annotation>
    <folder>images</folder>
    <filename>Misc_322.png</filename>
    <size>
        <width>257</width>
        <height>257</height>
        <depth>3</depth>
    </size>
    <segmented>0</segmented>
    <object>
        <name>Target</name>
        <pose>Unspecified</pose>
        <truncated>0</truncated>
        <occluded>0</occluded>
        <difficult>0</difficult>
        <pixels>
            <id>0</id>
        </pixels>
        <bndbox>
            <xmin>137</xmin>
            <ymin>134</ymin>
            <xmax>145</xmax>
            <ymax>144</ymax>
        </bndbox>
    </object>
</annotation>