<annotation>
    <folder>images</folder>
    <filename>Misc_9.png</filename>
    <size>
        <width>256</width>
        <height>200</height>
        <depth>3</depth>
    </size>
    <segmented>0</segmented>
    <object>
        <name>Target</name>
        <pose>Unspecified</pose>
        <truncated>0</truncated>
        <occluded>0</occluded>
        <difficult>0</difficult>
        <pixels>
            <id>0</id>
        </pixels>
        <bndbox>
            <xmin>158</xmin>
            <ymin>137</ymin>
            <xmax>161</xmax>
            <ymax>139</ymax>
        </bndbox>
    </object>
</annotation>