<annotation>
    <folder>images</folder>
    <filename>Misc_112.png</filename>
    <size>
        <width>298</width>
        <height>189</height>
        <depth>3</depth>
    </size>
    <segmented>0</segmented>
    <object>
        <name>Target</name>
        <pose>Unspecified</pose>
        <truncated>0</truncated>
        <occluded>0</occluded>
        <difficult>0</difficult>
        <pixels>
            <id>0</id>
        </pixels>
        <bndbox>
            <xmin>127</xmin>
            <ymin>93</ymin>
            <xmax>134</xmax>
            <ymax>95</ymax>
        </bndbox>
    </object>
</annotation>