<annotation>
    <folder>images</folder>
    <filename>Misc_239.png</filename>
    <size>
        <width>274</width>
        <height>176</height>
        <depth>3</depth>
    </size>
    <segmented>0</segmented>
    <object>
        <name>Target</name>
        <pose>Unspecified</pose>
        <truncated>0</truncated>
        <occluded>0</occluded>
        <difficult>0</difficult>
        <pixels>
            <id>0</id>
        </pixels>
        <bndbox>
            <xmin>67</xmin>
            <ymin>80</ymin>
            <xmax>75</xmax>
            <ymax>89</ymax>
        </bndbox>
    </object>
</annotation>