<annotation>
    <folder>images</folder>
    <filename>Misc_158.png</filename>
    <size>
        <width>307</width>
        <height>193</height>
        <depth>3</depth>
    </size>
    <segmented>0</segmented>
    <object>
        <name>Target</name>
        <pose>Unspecified</pose>
        <truncated>0</truncated>
        <occluded>0</occluded>
        <difficult>0</difficult>
        <pixels>
            <id>0</id>
        </pixels>
        <bndbox>
            <xmin>216</xmin>
            <ymin>67</ymin>
            <xmax>219</xmax>
            <ymax>70</ymax>
        </bndbox>
    </object>
</annotation>