<annotation>
    <folder>images</folder>
    <filename>Misc_54.png</filename>
    <size>
        <width>303</width>
        <height>198</height>
        <depth>3</depth>
    </size>
    <segmented>0</segmented>
    <object>
        <name>Target</name>
        <pose>Unspecified</pose>
        <truncated>0</truncated>
        <occluded>0</occluded>
        <difficult>0</difficult>
        <pixels>
            <id>0</id>
        </pixels>
        <bndbox>
            <xmin>166</xmin>
            <ymin>77</ymin>
            <xmax>173</xmax>
            <ymax>83</ymax>
        </bndbox>
    </object>
</annotation>