<annotation>
    <folder>images</folder>
    <filename>Misc_98.png</filename>
    <size>
        <width>343</width>
        <height>263</height>
        <depth>3</depth>
    </size>
    <segmented>0</segmented>
    <object>
        <name>Target</name>
        <pose>Unspecified</pose>
        <truncated>0</truncated>
        <occluded>0</occluded>
        <difficult>0</difficult>
        <pixels>
            <id>0</id>
        </pixels>
        <bndbox>
            <xmin>324</xmin>
            <ymin>214</ymin>
            <xmax>328</xmax>
            <ymax>219</ymax>
        </bndbox>
    </object>
</annotation>