<annotation>
    <folder>images</folder>
    <filename>Misc_185.png</filename>
    <size>
        <width>311</width>
        <height>218</height>
        <depth>3</depth>
    </size>
    <segmented>0</segmented>
    <object>
        <name>Target</name>
        <pose>Unspecified</pose>
        <truncated>0</truncated>
        <occluded>0</occluded>
        <difficult>0</difficult>
        <pixels>
            <id>0</id>
        </pixels>
        <bndbox>
            <xmin>86</xmin>
            <ymin>70</ymin>
            <xmax>273</xmax>
            <ymax>152</ymax>
        </bndbox>
    </object>
</annotation>