<annotation>
    <folder>images</folder>
    <filename>Misc_280.png</filename>
    <size>
        <width>323</width>
        <height>219</height>
        <depth>3</depth>
    </size>
    <segmented>0</segmented>
    <object>
        <name>Target</name>
        <pose>Unspecified</pose>
        <truncated>0</truncated>
        <occluded>0</occluded>
        <difficult>0</difficult>
        <pixels>
            <id>0</id>
        </pixels>
        <bndbox>
            <xmin>9</xmin>
            <ymin>56</ymin>
            <xmax>46</xmax>
            <ymax>214</ymax>
        </bndbox>
    </object>
</annotation>