<annotation>
    <folder>images</folder>
    <filename>Misc_331.png</filename>
    <size>
        <width>269</width>
        <height>169</height>
        <depth>3</depth>
    </size>
    <segmented>0</segmented>
    <object>
        <name>Target</name>
        <pose>Unspecified</pose>
        <truncated>0</truncated>
        <occluded>0</occluded>
        <difficult>0</difficult>
        <pixels>
            <id>0</id>
        </pixels>
        <bndbox>
            <xmin>30</xmin>
            <ymin>50</ymin>
            <xmax>33</xmax>
            <ymax>53</ymax>
        </bndbox>
    </object>
</annotation>